1,Magdalen,Gallanders,1981-03-16
2,Rollie,Brodest,1925-01-06
3,Gawen,Carragher,1929-10-01
4,Tommy,Liptrot,1906-12-07
5,Judd,Catcherside,1919-04-02
6,Michal,Causley,2005-08-09
7,Sybille,Iorillo,1932-02-28
8,Tedmund,Glinde,1967-12-24
9,Rhianna,Heinssen,1993-04-12
10,Cathryn,Egalton,1956-07-03
11,Lorenzo,Stirley,1975-12-03
12,Max,Rhymes,1907-01-22
13,Eldredge,Costerd,1955-04-08
14,Emogene,Chillingsworth,1925-03-21
15,Carmelita,Kesey,1949-09-22
16,Philipa,Watkins,1938-05-13
17,Blane,Van Castele,1937-04-30
18,Corliss,Groarty,1913-12-02
19,Dietrich,Cavolini,1913-01-28
20,Ileana,Gladebeck,2015-08-03
21,Paolina,Kitchenman,1921-09-30
22,Davy,Braitling,1997-06-18
23,Faber,Earsman,1930-08-07
24,Stevie,Endrighi,1905-01-28
25,Nicol,Duchasteau,1934-04-20
26,Evyn,Dewey,1989-01-23
27,Margalo,Hutchence,2001-08-20
28,Teirtza,Walne,1933-05-14
29,Bea,Matschuk,1901-10-30
30,Annabel,Collumbine,1945-08-28
31,Karyn,Hathorn,1961-01-17
32,Francisco,Rutigliano,1940-02-21
33,Cyb,Pailin,1901-01-08
34,Doretta,Hellwing,1942-12-06
35,Maribeth,Tukely,1903-12-14
36,Brittany,Martill,1996-02-03
37,Gearard,Hollyman,1987-09-16
38,Corbett,Lowndes,1913-02-10
39,Claudia,Caverhill,1995-06-15
40,Roxy,Habbeshaw,1963-05-09
41,Hartley,McGann,1944-11-26
42,Chen,Hulmes,1945-02-15
43,Riane,McMarquis,1984-08-06
44,Starlin,Galsworthy,1965-06-27
45,Lindsay,Eitter,2019-08-27
46,Vikki,McQuorkel,1965-11-05
47,Dorene,Hartshorn,1998-01-11
48,Dido,Haslin,2016-03-23
49,Millicent,Entwhistle,1948-07-19
50,Ronny,Cosford,1945-12-24
51,Guenevere,Shrimpling,1991-12-20
52,Marjory,Ebbitt,2003-12-19
53,Marlane,Pitherick,1990-11-17
54,Buck,Towl,1983-10-01
55,Fitz,Swancott,1966-09-18
56,Archy,Gilhooley,2017-04-15
57,Dill,Stanway,1987-02-14
58,Jordan,Steele,2009-11-10
59,Brooke,Shemmin,1944-12-15
60,Giffer,Mulvin,1910-06-11
61,Fredia,Fanning,1912-12-07
62,Trevar,Haldane,1972-08-15
63,Zackariah,Maddin,1927-06-18
64,Henrieta,Itshak,1998-03-07
65,Annecorinne,Dark,1961-02-25
66,Constantina,Congram,1941-11-28
67,Sharline,Rossoni,1988-11-21
68,Roscoe,Parks,1938-08-11
69,Marsha,Donson,1975-05-01
70,Claudina,Langhorn,1990-12-07
71,Ag,Neilan,1919-05-08
72,Mortie,Kristiansen,2000-01-08
73,Jamima,Lackemann,1900-12-24
74,Cristian,Doree,1985-03-10
75,Lian,Mutton,1909-07-08
76,Bran,Gwatkin,1983-08-10
77,Suzi,Baldree,1901-04-28
78,Aida,Castelin,2014-09-12
79,Nerissa,Mulrenan,1941-04-30
80,Prentice,Prium,1985-04-10
81,Zollie,Ten Broek,1906-11-14
82,Bobette,Mazonowicz,1966-03-24
83,Kessia,Fawthorpe,1995-06-03
84,Whit,Tillyer,1986-04-23
85,Maynord,Gepson,1933-02-08
86,Lavena,Kinder,1927-03-25
87,Jorry,Ellerbeck,1982-09-17
88,Kalinda,Reichartz,1991-12-30
89,Ted,Plom,1995-01-18
90,Faustine,Eyer,1975-04-18
91,Elga,Skeldinge,1961-04-30
92,Nobie,Puncher,2013-02-09
93,Lia,Imlacke,1952-10-10
94,Winfred,Jaggard,1988-11-28
95,Hyacinthie,Dils,1922-08-10
96,Germaine,Barrable,1972-05-21
97,Kalie,Maha,1973-03-11
98,Sammy,Brabant,1914-01-26
99,Shelli,Lorens,1913-04-06
100,Garwood,Collabine,1993-04-23
101,Dion,Joinson,1976-02-22
102,Goldia,Yesinov,1954-12-02
103,Osborn,Wiggington,1968-11-06
104,Olenolin,Ivory,1903-08-18
105,George,Lesper,2009-08-15
106,Letizia,Guerin,1993-04-27
107,Beniamino,Cresswell,1968-06-02
108,Abbe,Frangello,1901-03-08
109,Alene,Bonome,1977-03-05
110,Jereme,Silverson,1921-05-10
111,Gerry,Gillan,2009-02-21
112,Genovera,Coffin,2004-03-03
113,Lexie,Hullock,1903-01-14
114,Ravid,Cosans,1994-12-15
115,Gaylor,Titheridge,1940-09-27
116,Alina,Kunzelmann,1969-12-06
117,Josias,Hardinge,1936-10-29
118,Base,Brearty,2016-07-30
119,Jo-ann,Skillanders,1971-08-18
120,Marie-ann,Hambridge,1920-02-22
121,Georgia,Perez,1976-11-12
122,Rafi,Pressland,1948-07-28
123,Cully,Hicklingbottom,1912-12-14
124,Casey,Heister,1914-06-16
125,Gabe,Goodey,1913-07-02
126,Hildegarde,Grave,1960-12-04
127,Mollee,Pencot,1916-04-01
128,Cornell,Lenglet,2010-08-30
129,Hildy,Standbridge,1914-07-19
130,Jamil,Millier,1947-09-28
131,Earl,Shurmer,2000-03-14
132,Katusha,Hindrich,1948-12-11
133,Aldo,Bentall,1976-05-11
134,Amelie,Hulkes,1982-02-24
135,Pandora,Ashman,1961-03-25
136,Delcina,Redmore,1932-06-28
137,Gustave,Clewlow,1948-05-05
138,Allyce,Nagle,1911-10-02
139,Marlie,Simoens,1938-04-07
140,Annemarie,Stitt,1913-03-07
141,Poppy,Lemmen,1995-12-12
142,Dixie,Thomasset,1933-03-24
143,Deina,Rasell,1963-03-13
144,Ambrose,Amiss,1907-05-15
145,Gregoire,Hubberstey,2000-01-04
146,Ernesto,Heugh,1950-04-30
147,Shanon,Wessell,1928-07-16
148,Alastair,Pecey,1967-04-04
149,Ellis,Dyte,2004-09-14
150,Micheil,Antonsson,1991-09-09
151,Donavon,Ewells,1972-09-10
152,Sigrid,Staten,2006-06-27
153,Roi,Fearick,1982-10-21
154,Cristiano,Tenbrug,1963-11-27
155,Ashly,Georgeson,1948-10-20
156,Franklin,Matus,2010-08-08
157,Binni,Folomkin,1984-03-20
158,Wain,Zanussii,2009-01-16
159,Gratiana,Couper,1905-04-05
160,Cacilie,Glencros,1984-04-16
161,Christy,Mockford,1991-08-22
162,Devlin,Gebhardt,2015-07-06
163,Bartlet,McCallam,2000-01-24
164,Delmer,Stuer,1925-05-14
165,Tucky,Orry,1939-08-27
166,Goran,Kewish,1911-06-07
167,Marta,Walicki,1917-08-12
168,Hulda,Brideaux,1948-03-10
169,Shirline,Knutton,1906-01-22
170,Aileen,Semiraz,1983-09-18
171,Ulysses,Parsonage,1974-07-31
172,Kennett,Essberger,2006-05-01
173,Fae,Cannicott,1954-12-07
174,Carlynne,Maingot,1988-02-14
175,Helenka,Petcher,1988-09-09
176,Flora,Orwell,2002-12-29
177,Anstice,Greensmith,1989-02-23
178,Katharina,Eckley,1914-10-01
179,Josephine,Ashburne,1950-11-23
180,Rori,Striker,1985-01-10
181,Bennie,Sloss,1965-04-09
182,Griz,Kolushev,1930-07-07
183,Ebonee,Westbrook,1968-12-20
184,Jolie,MacKill,1962-06-20
185,Orbadiah,Biddell,1962-10-23
186,Devina,Cannavan,1968-07-18
187,Hewe,Lamers,1931-04-28
188,Pauli,Waberer,1980-05-07
189,Rik,Ghidini,1908-11-05
190,Kerr,Cottesford,1954-04-18
191,Maureen,McCreagh,1948-02-05
192,Anatol,Bryce,1961-07-16
193,Haroun,Kamall,2000-06-10
194,Jill,Fanthome,1979-01-03
195,Adelle,Sacher,1943-02-18
196,Manfred,Arthurs,1916-02-28
197,Hewet,Parnaby,1928-11-29
198,Jeanine,Szymaniak,1969-05-12
199,Cecelia,Damerell,1980-02-26
200,Vanya,MacCulloch,1941-07-10
201,Kari,Kilbane,1929-06-18
202,Bertina,Jacklings,1991-04-01
203,Alicea,Powley,2012-11-15
204,Christophorus,Duetsche,1979-11-23
205,Deonne,Timbs,1912-08-12
206,Carry,Uzielli,1941-03-08
207,Titos,Itzhayek,1937-02-13
208,Ody,Dumbare,1919-01-12
209,Henka,Milbourn,1942-07-06
210,Giavani,Rantoull,1983-08-08
211,Sandy,Kohrs,1909-03-25
212,Bron,Amott,1989-11-19
213,Alaric,Biagini,1900-12-11
214,Guthrie,Janku,2001-03-31
215,Rois,Yemm,2006-10-23
216,Norris,Batrop,1978-06-06
217,Ursula,Fould,1968-02-03
218,Maude,Redmayne,1947-07-03
219,Gregoire,Sayburn,1966-11-17
220,Hazel,Cogger,1946-08-14
221,Harriette,McPhaden,1960-08-20
222,Jerrine,Gouly,1938-12-12
223,Korey,Trotter,2000-10-15
224,Carolan,Whyman,1945-09-08
225,Zarah,Bayns,2015-11-19
226,Geno,Gallyhaock,1924-04-20
227,Ford,Chalfain,1974-07-22
228,Lorettalorna,Struan,1946-02-22
229,Anatola,Featenby,1911-09-22
230,Bob,Bangiard,1985-05-08
231,Steve,Croyden,1994-12-17
232,Helenelizabeth,De Beneditti,1961-02-22
233,Cosmo,Piddington,1917-05-25
234,Geoffrey,Malzard,1969-07-19
235,Elyssa,Lovelady,1972-11-16
236,El,Dornan,1979-01-11
237,Loleta,McTrustie,1928-11-13
238,Mei,Nell,1918-09-07
239,Katy,McElvogue,2016-01-24
240,Ellie,Nardrup,2001-08-18
241,Melly,Pedwell,1996-08-18
242,Dayna,Kubasek,1947-09-19
243,Ethelin,Kubek,2000-12-16
244,Sol,Halfhyde,1963-07-11
245,Paola,Broomer,1978-02-19
246,Goldy,Debney,1948-04-03
247,Robbie,Kingett,2015-07-18
248,Leandra,Portugal,1921-12-27
249,Duffie,Goldspink,2005-06-23
250,Nadiya,Emlin,1918-07-25
251,Jeannine,Scattergood,2005-05-17
252,Stefanie,Woolfall,1920-02-28
253,Rennie,Spilsburie,1943-05-20
254,Talbot,Axelby,1996-12-04
255,Ginevra,Napthine,1920-11-26
256,Minerva,Mogford,2005-10-15
257,Bridie,Haig,1927-01-19
258,Caren,Romera,1966-03-15
259,Melosa,Gretton,1998-01-01
260,Kendricks,Varney,1943-04-25
261,Leon,Haggeth,1941-06-09
262,Cheryl,Chin,1914-01-27
263,Kenneth,Denniston,1959-08-13
264,Keary,Blandamore,1934-08-14
265,Thayne,Franck,2003-11-04
266,Laurie,Lumpkin,1903-11-30
267,Olivie,Stollmeier,1921-03-29
268,Ameline,Hurle,1986-09-05
269,Adel,Scotford,1934-06-02
270,Solomon,Jenkyn,1938-10-30
271,Aurelea,Jocelyn,1921-01-26
272,Kerby,Vicarey,1946-09-24
273,Mischa,Maso,1921-10-09
274,Gaultiero,Kirsopp,2010-09-17
275,Ethelbert,Mateja,2018-06-09
276,Aube,Galbraeth,1969-07-15
277,Vick,Wakenshaw,1985-10-07
278,Florance,Newick,1920-08-26
279,Carmen,De Bell,1977-10-20
280,Korie,Harrhy,1964-05-29
281,Jermayne,Diglin,2003-06-10
282,Arleyne,Gianotti,1916-06-22
283,Giacobo,Driffield,1974-01-04
284,Pacorro,Drance,1951-07-05
285,Allyce,Ridd,1903-07-06
286,Rutledge,Fox,1985-07-24
287,Jaclyn,Pummery,1952-03-29
288,Torin,Lodin,1967-02-27
289,Janos,Gulston,1962-12-12
290,Rolf,Extance,1972-08-27
291,Kippy,Bengtson,1970-04-06
292,Regina,Kibel,1980-04-11
293,Odelia,Yeowell,1987-09-30
294,Orlan,Paulson,1994-10-24
295,Alberta,Gilliland,1992-11-17
296,Gar,Rickhuss,1905-07-23
297,Marika,Seebert,1975-01-23
298,Emmet,Deboo,1919-06-21
299,Theodoric,Braidon,1905-01-20
300,Collen,Fenna,2018-11-15
301,Tove,Bradley,2016-11-10
302,Chrissie,Crepel,1913-10-28
303,Denny,Eagle,1921-03-23
304,Kristian,Siebart,2008-07-04
305,Jillana,Stollery,1966-05-09
306,Trstram,Dibling,1979-09-28
307,Bari,Abbess,1987-12-02
308,Aurlie,Guenther,2000-03-06
309,Moselle,Ashburner,2012-01-22
310,Conrad,Juppe,2010-08-06
311,Celinka,Morales,1968-02-26
312,Scotti,Grubb,1950-03-23
313,Fedora,Drillingcourt,1978-04-06
314,Cherin,Rodgier,1948-04-25
315,Pascal,Woodhall,1971-04-09
316,Carlina,Banting,1945-04-15
317,Markos,Mingaye,1965-11-30
318,Riva,Mummery,1908-05-02
319,Lothario,Potapczuk,1945-06-23
320,Tobin,Sawell,1986-04-02
321,Jarvis,Eyckel,1940-08-06
322,Dalton,Halliwell,1981-07-05
323,Robinetta,Hazlegrove,1940-02-21
324,Nesta,Labusch,2015-08-11
325,Antoni,Clare,1981-06-17
326,Branden,Drezzer,1942-01-14
327,Tarrance,Stable,1930-08-27
328,Michal,Brunel,1932-08-20
329,Nicolis,Feilden,1952-03-10
330,Dael,Steen,1902-09-09
331,Ginnifer,Emmet,1994-08-22
332,Bill,Aylward,1940-10-07
333,Eirena,Gossage,2005-05-25
334,Rriocard,Jimes,1985-03-07
335,Norby,St. Ledger,1937-01-18
336,Yolanthe,Lamberton,1930-09-05
337,Linoel,Buston,2007-02-18
338,Caressa,Pagitt,1935-07-06
339,Nickolas,Detoc,1970-01-08
340,Adriane,Milbank,2005-09-14
341,Harrie,Sustins,1963-11-09
342,Sibley,Laughlan,1903-10-09
343,Felicia,Gumm,1997-09-29
344,Elisabet,Mewhirter,1951-11-28
345,Marijn,Ploughwright,1966-08-22
346,Farah,Duffan,1906-01-09
347,Tamarah,Overall,1994-07-18
348,Evangeline,Shortell,1918-07-08
349,Gaylor,Readshall,1916-09-24
350,Dona,Megarrell,1954-11-15
351,Richard,Garnul,2015-06-23
352,Brandais,Oddy,1945-10-26
353,Sebastiano,Sherbrook,1971-08-18
354,Fidelity,Thorold,1922-03-25
355,Irvin,Dibner,1959-07-08
356,Debera,Forcade,1981-10-09
357,Berk,Harlow,1983-06-14
358,Rosco,Wheelton,2008-07-10
359,Babs,Gouldthorpe,1996-02-13
360,Clyde,Ranscombe,2012-06-05
361,Evy,Sporrij,1933-11-07
362,Annabal,Gonsalvo,1929-07-02
363,Winnie,Chesters,1906-11-30
364,Muriel,Earwaker,1950-11-07
365,Archambault,Windaybank,1927-04-13
366,Demetria,Janus,1909-10-05
367,Conny,Wilmott,1962-08-24
368,Rabi,Maxwell,1961-08-26
369,Ram,Labrow,2007-04-16
370,Alonzo,Gavaghan,2012-01-13
371,Norene,Hofler,1973-12-17
372,Petronilla,Candey,1972-05-08
373,Annemarie,Sleet,1944-03-05
374,Teodorico,Kleinhaus,1923-06-08
375,Emili,Ayres,1901-08-20
376,Ronny,Greve,1964-04-02
377,Fletch,Frankiewicz,1926-08-15
378,Norean,Mardee,1988-06-24
379,Glennis,Urlin,1969-07-14
380,Dyan,Marcombe,1972-08-15
381,Hector,Diano,1991-06-12
382,Billi,Cutridge,1925-11-20
383,Carmel,Wiffield,1965-04-04
384,Bennie,Favela,1954-06-27
385,Penny,Byers,2012-07-08
386,Audy,Jonczyk,1974-01-17
387,Dun,Lemmon,1924-03-04
388,Murdoch,Tibbles,1955-08-21
389,Yorgo,Hewertson,2014-07-01
390,Tamas,Morena,1932-07-24
391,Tess,Thackham,1990-08-28
392,Bartholomeo,Grierson,1953-02-26
393,Sabra,Seebert,1994-03-24
394,Ingemar,McBain,1952-09-19
395,Leisha,Kaaskooper,1930-04-26
396,Adina,Tolcher,1993-03-10
397,Liz,Hucklesby,1917-02-15
398,Chaddie,Bengough,1980-01-29
399,Aurora,Gauvin,1991-10-16
400,Shaw,Jobson,1984-12-12
401,Janaya,Goodreid,1902-04-16
402,Hatty,Lethby,2001-03-24
403,Rosy,McSwan,1997-11-22
404,Miranda,Hawkins,1978-01-29
405,Shana,Coltman,2013-04-08
406,Mireille,Scouse,1904-06-11
407,Izak,Isaksson,1983-10-22
408,Suzette,McCowen,1904-12-14
409,Ciro,Grahl,2011-05-12
410,Wang,Yard,1978-12-21
411,Phoebe,Garred,1998-04-15
412,Joly,Kmiec,1952-10-24
413,Linnell,Scarff,2011-10-04
414,Bryan,Kerwen,2010-12-09
415,Merry,Painswick,1963-04-21
416,Tallia,Sauven,1966-11-20
417,Lissie,Eby,1989-09-08
418,Herminia,Marley,2016-02-12
419,Octavius,Minchella,1905-10-12
420,Lacey,Caygill,1993-11-16
421,Ardelis,Dally,1965-10-17
422,Terrel,Jiracek,1946-10-27
423,Terri,Morfell,2001-04-17
424,Humfrid,Vittel,1926-05-15
425,Aimil,Sawley,1940-08-20
426,Reagen,Carous,1953-10-03
427,Melany,Chewter,1967-07-04
428,Justen,Gillmore,1985-12-21
429,Nehemiah,Carabine,1904-03-19
430,Elysee,Massimo,2002-01-13
431,Estel,Verling,2014-12-15
432,Bibby,Jopp,2003-05-09
433,Dolorita,Twelftree,1961-06-06
434,Esme,Itskovitz,1943-02-17
435,Salomone,Verney,1991-08-27
436,Bernadette,Kelston,1946-12-24
437,Martie,Earl,2004-03-27
438,Tristan,Petschelt,1989-08-02
439,Nye,Wedlock,1964-07-28
440,Sauveur,Ogilvie,1977-02-10
441,Klarrisa,Struss,1941-04-01
442,Palmer,Meadway,1959-04-28
443,Fee,Fettiplace,1957-02-17
444,Kendrick,Castiglio,1937-03-30
445,Kelci,Kienle,2007-05-24
446,Franky,Picopp,1923-04-21
447,Winnah,Greenroad,1949-07-11
448,Linnea,Silley,1929-02-25
449,Marlena,Ducket,1997-05-08
450,Maura,Ottery,1993-12-01
451,Cary,Ruthen,1924-08-05
452,Federica,Paz,1985-07-01
453,Tomaso,Grave,1933-09-05
454,Marsha,Moscrop,1977-10-26
455,Rhea,Caldairou,1962-07-17
456,Elbert,Chesnay,1931-11-29
457,Marijn,Wragg,1908-01-03
458,Franklyn,Ridgway,1958-11-27
459,Mikey,Rigardeau,1958-11-16
460,Doralyn,Seville,1953-11-29
461,Koressa,Lethieulier,1925-12-23
462,Ayn,Jodlkowski,1965-12-21
463,Marjorie,Root,1933-12-02
464,Pat,Zima,1983-01-11
465,Shellie,Lehrahan,2006-12-30
466,Emalia,Guinn,1903-11-18
467,Torie,Hayland,1907-02-14
468,Tomkin,Pyson,1994-11-19
469,Arlana,Barrim,1943-07-01
470,Wait,McCraine,1939-02-12
471,Angie,De Vaux,2001-01-19
472,Erena,Postill,1973-02-10
473,Heath,Bloxland,1985-10-16
474,Umberto,Mullins,1968-12-07
475,Erl,Pedwell,2009-04-03
476,Kermy,Yard,1943-01-21
477,Marcos,Ekins,2008-02-28
478,Ansel,Seydlitz,1986-05-06
479,Elfrida,Sarten,1969-11-06
480,Meaghan,Boulder,1956-03-19
481,Brooks,Romagosa,2009-05-21
482,Bibby,Espin,1928-05-20
483,Neysa,Campbell-Dunlop,1983-03-02
484,Rudie,Neesham,1949-06-22
485,Prent,Cooper,1925-04-16
486,Gordon,Moores,1942-06-04
487,Saxon,Wybourne,1975-04-26
488,Cher,Tomankiewicz,1981-02-23
489,Rogerio,Wearing,1972-05-31
490,Prentice,Bolsteridge,1924-10-23
491,Vachel,Bromet,1975-07-13
492,Marcelle,Bunkle,2011-03-19
493,Etta,Pull,1999-05-29
494,Flin,Geertsen,1966-05-19
495,Dominique,MacAlroy,1928-02-08
496,Shelbi,Hatzar,1943-12-29
497,Em,Byrch,1978-04-14
498,Adelheid,Putman,1932-10-13
499,Raphaela,Kitto,1997-07-10
500,Seamus,Pollie,1992-08-18
501,Redd,Rann,1942-07-13
502,Deana,Oatley,2018-12-04
503,Daphene,Van Waadenburg,1933-07-22
504,Salim,Hughill,1927-08-22
505,Padget,Sywell,2003-02-02
506,Kendrick,Caudell,1960-01-23
507,Auroora,Karpmann,1926-12-18
508,Cordie,Fairclough,1947-11-18
509,Rosmunda,McBrearty,2003-05-31
510,Marylou,Rubinowitsch,1924-08-20
511,Trudey,Manuelli,1930-09-13
512,Channa,Gaskamp,1981-04-25
513,Coriss,Wisedale,1998-03-07
514,Heinrick,Attwoul,1947-02-11
515,Barris,Batch,1987-10-28
516,Lou,Best,1994-11-13
517,Morse,Rosindill,1913-06-19
518,Lurlene,Swyndley,1902-08-27
519,Chet,List,1972-06-05
520,Brynne,Moncey,1963-01-23
521,Woody,Beauvais,1971-09-11
522,Agustin,Kollas,1955-01-22
523,Johannah,Mochan,1977-04-17
524,Gav,Duligall,1905-02-11
525,Letti,Furminger,1907-03-03
526,Marylee,Walicki,1999-09-24
527,Maximo,Arthan,1958-12-25
528,Robert,Smithyman,1960-10-02
529,Andra,MacKellen,1975-11-01
530,Allen,Storton,1934-11-23
531,Camellia,Holdron,2012-12-27
532,Marten,Arp,1938-03-03
533,Andreana,Carlaw,2012-11-22
534,Glyn,Canacott,1918-01-20
535,Michale,Tyreman,1980-08-23
536,Sybila,Yakovlev,1908-01-29
537,Derby,Lefley,1932-05-22
538,Gerome,Yirrell,1933-12-02
539,Aldo,Pollastrone,1938-10-09
540,Gearard,Fitzsymonds,2007-11-13
541,Craig,Alwen,1990-05-14
542,Cate,Kirke,1968-04-09
543,Kerianne,Buckenhill,1998-05-10
544,Gusta,Lowton,2002-05-12
545,Tripp,Millery,1970-12-04
546,Niko,Kamena,1939-01-23
547,Alicea,Gero,2019-09-29
548,Nathalia,Issacson,1937-06-27
549,Engelbert,Gogerty,1971-01-06
550,Doralynn,Sheerin,1983-10-08
551,Lara,Beven,1960-11-10
552,Phoebe,Stallwood,2005-09-13
553,Maggi,Smithson,1907-09-13
554,Michale,Brunini,1920-06-28
555,Robenia,Aikenhead,1927-04-12
556,Rance,Blees,1969-07-01
557,Jemmie,Kleinhausen,1920-10-10
558,Auberta,Pettman,2019-10-28
559,Enriqueta,Spira,1902-12-11
560,Killian,Tumpane,1942-08-15
561,Kat,Feare,1969-12-14
562,Tony,Pauletto,1964-08-22
563,Elsworth,Matzkaitis,1953-08-03
564,Adolphus,Oslar,1947-07-23
565,Perry,Balnave,2018-08-27
566,Magdalena,Ayris,1943-02-04
567,Naoma,Westnedge,1918-07-06
568,Michele,Stollsteiner,1921-03-25
569,Stefanie,McGilben,1976-11-12
570,Abran,Burnes,1956-09-15
571,Jeanelle,Verrier,1976-08-01
572,Ulric,Kettlesing,2016-04-11
573,Alyss,Balleine,1985-11-10
574,Oralia,Middleton,1937-06-10
575,Mattheus,Armin,1929-04-23
576,Keefer,Fawks,1970-10-16
577,Mariele,McGuggy,1908-08-22
578,Cy,Matelyunas,1969-03-15
579,Sylas,Cohr,2001-08-04
580,Fayre,Stout,1984-08-12
581,Jakie,Gretham,1982-09-17
582,Camel,Voysey,2012-12-26
583,Doralia,Ellit,1939-10-04
584,Sadie,Duding,1952-05-16
585,Afton,Dedenham,1985-07-18
586,Evie,Benedito,1943-11-06
587,Abba,Chrismas,1978-05-01
588,Billie,Hatliffe,2014-11-01
589,Aylmer,Prinett,1996-05-21
590,Kellen,Zellmer,1952-08-18
591,Jeane,MacIntosh,1910-06-22
592,Ferne,Tresvina,1991-01-31
593,Paxton,Degli Abbati,2004-09-05
594,Leonard,Wessing,1968-11-15
595,Sibella,Azam,1980-09-12
596,Lenna,Montfort,1961-01-03
597,Cathy,Soppit,1992-05-16
598,Yolande,Silman,1914-11-10
599,Jeffry,Manklow,1945-12-25
600,Niven,Berzins,1932-02-04
601,Evvy,Salazar,1909-09-14
602,Bren,Ellse,1966-04-29
603,Tani,MacLure,1967-06-12
604,Malchy,Constance,1934-01-27
605,Catlin,Yve,1960-09-03
606,Maria,Goding,1984-07-31
607,Clementius,Carlyle,1995-08-15
608,Kerianne,Clemow,1952-01-09
609,Amelie,Kierans,1939-04-12
610,Hatti,Raunds,1938-02-07
611,Connie,Kirwin,1936-07-06
612,Bryn,Dunguy,1947-09-01
613,Natasha,Palfreman,2003-01-18
614,Evelyn,Thorrold,1920-01-22
615,Juliette,Skittreal,1967-07-21
616,Toiboid,Tregiddo,1949-09-10
617,Connie,Carwithen,1979-11-04
618,Jan,Mayoral,1951-02-21
619,Rad,Scarce,1989-03-25
620,Olly,Close,1900-11-20
621,Othilia,Behn,2006-01-11
622,Ada,Graber,1916-11-22
623,Sly,Shirland,1906-04-14
624,Osmond,Attwood,1903-09-08
625,Marijn,Mervyn,1925-08-22
626,Veronica,Simmank,1955-09-02
627,Doyle,McGlaughn,1939-09-03
628,Bowie,Gianullo,1928-10-13
629,Barbara,Abry,1974-08-20
630,Alf,Hempshall,2010-06-21
631,Morlee,Ballintime,1951-12-17
632,Stormy,Shawcross,1907-03-11
633,Phillie,Hopkins,1978-05-06
634,Brander,Aguirrezabal,1953-12-02
635,Lynnelle,Guisby,1942-07-14
636,Kelcy,Brigstock,1957-04-16
637,Whitman,Annakin,1988-03-21
638,Ailis,Dary,2005-05-01
639,Carolina,McCrow,1930-02-05
640,Maximilian,Signoret,1916-08-02
641,Giralda,Shimman,1998-11-02
642,Ray,Blakemore,2006-02-19
643,Lisle,Indruch,1976-06-18
644,Maddy,Lewknor,1935-05-26
645,Evita,Boshier,1928-01-08
646,Gerri,Levins,1907-05-07
647,Tam,Stanborough,2008-06-26
648,Francisca,Tellenbroker,1928-10-21
649,Svend,Preshous,1927-11-17
650,Symon,Housecroft,1903-08-01
651,Forrester,Scatchar,2017-08-09
652,Gerhard,Heelis,1932-05-04
653,Artemis,Pafford,2017-11-08
654,Bernadine,Brereton,1916-07-31
655,Cassie,Whal,1920-03-10
656,Adorne,Sherringham,1931-08-16
657,Babette,Deetlof,1903-12-18
658,Sonya,Filippazzo,1921-11-08
659,Katharina,Broggetti,1953-11-25
660,Shawnee,Hegges,1954-08-06
661,Edeline,Blaise,1969-12-08
662,Kettie,Pridgeon,1945-11-18
663,Stephenie,Surfleet,1957-07-08
664,Sharon,Dykes,1911-11-26
665,Peadar,Worton,1981-08-06
666,Guinevere,Willcox,2006-01-09
667,Svend,Lotterington,1920-03-13
668,Edward,Sivyer,1930-05-03
669,Thorstein,Coulman,1938-12-26
670,Laureen,Summerscales,1976-11-17
671,Sheffie,Mouland,1998-04-03
672,Carolyne,Rosenauer,1914-04-04
673,Reina,Elgee,1968-08-05
674,Alina,Gennerich,1973-11-24
675,Anna,Challice,2015-05-26
676,Kirbie,Bleas,1902-08-01
677,James,Bice,1912-11-17
678,Inge,Vedyasov,1969-07-28
679,Leroy,Iveagh,1966-07-25
680,Ellene,Wisniewski,2012-04-29
681,Taber,Innwood,1965-06-13
682,Viviyan,Ramsby,1968-12-06
683,Giustina,Blaschke,1975-11-23
684,Ray,Goshawk,2018-10-22
685,Sally,Brokenshire,1925-07-22
686,Carline,Cowing,2005-12-26
687,Annabela,Yates,1972-08-01
688,Kelci,Tremellier,1932-10-26
689,Felita,Esbrook,1996-11-29
690,Mark,Mynard,1921-01-18
691,Bird,Chatain,1966-05-27
692,Nydia,Sharpley,1933-01-25
693,Godfrey,McCrostie,1977-09-11
694,Mil,Siely,1918-03-29
695,Rosalinde,Cuseck,1976-09-24
696,Kelly,Waymont,1940-03-28
697,Lilli,Dight,1972-02-29
698,Lisa,Patullo,1942-04-29
699,Fifi,Connett,1986-12-14
700,Erny,Piffe,1964-05-28
701,Valle,Blezard,1925-02-21
702,Dannie,Wasteney,1976-08-25
703,Jannelle,Skyram,1981-09-27
704,Irv,Greensted,1974-08-28
705,Jeanie,Baudy,1984-03-08
706,Fanchon,Badger,1998-09-08
707,Roscoe,Courtois,2006-09-07
708,Cherish,Balmadier,1989-05-24
709,Jaymie,Hovy,1986-10-30
710,Elka,Abbie,1977-02-14
711,Zuzana,Starbucke,1996-10-25
712,Zebulen,Stiven,1920-02-13
713,Hamnet,Deniske,1999-10-17
714,Denni,Entres,1922-01-30
715,Mariska,Sedger,1991-09-18
716,Maure,Tidbury,2009-09-15
717,Doroteya,Pitkethly,1993-10-25
718,Konstantin,Hillaby,1963-09-09
719,Ramsay,Ledstone,1963-01-09
720,Yank,Camerana,2005-03-20
721,Sharon,Alexsandrovich,1974-07-30
722,Caterina,Pegrum,1947-06-11
723,Carolus,Parysowna,1912-08-12
724,Aldon,Kinnie,1968-09-12
725,Greer,Jane,1902-04-26
726,Milt,Crockatt,2008-12-01
727,Hester,Sanders,1998-01-19
728,Maryann,Limbrick,1901-08-09
729,Petronille,Buyers,1952-12-25
730,Lusa,Gehringer,1913-02-17
731,Latisha,Hesey,2000-03-02
732,Terri-jo,Morl,1956-03-19
733,Marcille,Parlet,1973-05-21
734,Rockey,Fonso,1930-10-07
735,Gloriane,Sesser,1996-09-13
736,Adolpho,Hopewell,1935-02-18
737,Vail,Buckland,1961-01-03
738,Antonia,Brotherton,1966-02-07
739,Laurene,Grahamslaw,1992-05-10
740,Aubrey,Halfpenny,1946-05-19
741,Vannie,Huzzay,2002-04-27
742,Philippine,Facchini,1968-02-12
743,Denis,Alejandri,2006-04-02
744,Pablo,Martinie,1916-07-16
745,Meriel,Stute,1916-01-07
746,Aurel,Godmer,1947-10-21
747,Gilbertine,Lattin,1904-06-17
748,Annalee,McMackin,1941-12-18
749,Pace,Koba,1906-10-06
750,Robby,Cahn,1934-09-09
751,Clair,Walley,1982-11-01
752,Rourke,Ghidelli,1992-07-12
753,Heda,Doodson,1991-03-24
754,Adey,Onge,1945-12-26
755,Catherina,Meader,2017-07-11
756,Skipton,Mozzini,1902-03-08
757,Denni,Quartly,1960-05-20
758,Birch,Bowery,1957-07-09
759,Charil,Poundsford,1993-06-06
760,Baxter,Milward,1955-07-14
761,Chad,Hinstridge,1944-09-20
762,Devi,Pearmine,1943-02-10
763,Tremayne,Cullip,1975-03-29
764,Rosa,Skull,2004-12-21
765,Dunstan,Fardy,1937-04-04
766,Allene,Frisdick,1942-02-16
767,Netty,Vynoll,1922-10-12
768,Eugenia,Barzen,1918-08-15
769,Juli,Sorley,1998-01-17
770,Lianne,Chatterton,1913-03-24
771,Joline,Rantoull,2000-04-15
772,Conrado,Weakley,1925-03-03
773,Lucille,Holywell,1949-06-05
774,Gaston,O'Donovan,1951-07-09
775,Gay,Golley,1946-01-24
776,Anne-corinne,Sant,2001-08-30
777,Timofei,Sineath,1921-05-08
778,Traci,Buchett,2002-07-14
779,Tedmund,Simoncelli,1952-09-17
780,Mallory,Youel,1942-04-08
781,Arabelle,Faley,1984-08-23
782,Sheila,Hargreves,2001-08-01
783,Massimo,McPhillips,1945-05-20
784,Say,Cafe,1955-01-17
785,Fredra,Rean,2000-06-03
786,Carter,Krolak,2016-04-19
787,Verne,Rucklidge,1970-06-04
788,Siouxie,Draysey,1901-01-28
789,Karita,Rosedale,2004-03-09
790,Mariann,Dutteridge,1934-12-20
791,Sammy,Dodworth,1902-01-11
792,Pooh,Tummasutti,1922-09-20
793,Sydel,de la Valette Parisot,1959-06-27
794,Hamlin,Iannelli,1907-11-14
795,Bernelle,Pachmann,1911-06-04
796,Tadeo,Losebie,1971-07-26
797,Kahlil,Dwerryhouse,1930-09-20
798,Emalia,Jagiello,1947-06-18
799,Kori,Baxster,1959-04-14
800,Cody,Haycroft,1948-05-19
801,Noby,Currall,1915-07-21
802,Jerrold,Drioli,1911-10-05
803,Star,Godley,1904-03-02
804,Erin,Ratcliff,1926-04-16
805,Joceline,Dellenbrook,2015-03-20
806,Fiona,Junes,1978-01-22
807,Rosalind,Yellowlees,1929-08-01
808,Davina,Shambrooke,2016-04-18
809,Luis,Kaygill,1955-02-08
810,Johna,Gollard,2007-02-01
811,Ricardo,Caslett,1925-02-19
812,Emelen,Gruczka,1982-07-11
813,Davon,Fleischmann,1974-11-30
814,Seana,Keam,1991-03-10
815,Hilly,Tittletross,2007-01-28
816,Althea,McMorland,1945-04-03
817,Quill,Macci,2002-02-28
818,Dulcine,Lockhart,1901-05-13
819,Delphine,Liversedge,2018-03-17
820,Nataniel,MacCrann,1938-06-21
821,Josee,Crafter,1913-12-13
822,Antonella,Blind,1951-01-21
823,Alric,Dirand,1985-10-16
824,Lucinda,Ivanin,2008-12-31
825,Dur,Coad,1974-12-07
826,Skyler,Croal,1923-05-17
827,Carmine,Whayman,1965-02-23
828,Dorie,Stoll,1949-08-17
829,Claudine,Frossell,2013-04-22
830,Margaux,Clemmensen,1985-04-16
831,Kathryne,Cleugh,2013-08-08
832,Sophi,Kosel,1946-01-05
833,David,Coxhell,1921-07-11
834,Ugo,Legon,1976-09-21
835,Xever,Dranfield,1927-03-03
836,Chlo,Bortolussi,1925-10-30
837,Bartlet,Lickess,1972-04-09
838,Cloe,Wohler,1941-12-28
839,Shannon,Bottelstone,2016-08-09
840,Bernardo,Lippiatt,1987-03-23
841,Levin,Kinnett,1954-06-05
842,Liane,Haet,1951-08-07
843,Mickie,Tippings,1927-08-09
844,Arvy,Cashen,1975-04-10
845,Rubie,Anmore,2013-11-11
846,Yorgo,Ellington,1988-04-01
847,Victoir,Otter,1929-02-23
848,Easter,Eckery,1902-01-31
849,Eduino,Brandes,1973-06-22
850,Brittni,Lowndsborough,1925-08-30
851,Johnathan,Cream,1979-10-10
852,Ashbey,Hovie,2001-10-16
853,Veronica,Sykora,1960-01-05
854,Winnifred,Eplett,1955-02-06
855,Lesley,Ebdin,2016-10-31
856,Christina,Raulin,1940-11-23
857,Diann,Helin,1954-03-13
858,Koo,Macia,1924-12-20
859,Berenice,Briamo,1915-11-15
860,Turner,Simcox,2001-10-28
861,Barbie,Humphrys,2000-03-28
862,Bartolomeo,McGillecole,1979-04-04
863,Tiler,Hedworth,1937-12-16
864,Jodi,Grosvener,2006-12-13
865,Winifred,Treadway,1929-05-26
866,Carson,Stonner,1951-12-28
867,Konstantin,Sartain,1996-04-23
868,Brynn,Delmage,2001-02-22
869,Harwilll,Stovin,1973-10-12
870,Jeffry,Longhorne,1907-08-05
871,Carolynn,Plumer,1918-02-26
872,Nichole,Mapstone,1990-08-30
873,Vanessa,Danielkiewicz,1956-06-03
874,Rip,Gashion,1920-11-07
875,Francesca,Dover,1930-06-11
876,Emmit,Randle,1992-08-14
877,Suzy,Nashe,2002-11-03
878,Aristotle,Glen,1906-02-16
879,Sky,Cordeau,1989-03-22
880,Wallie,Lohering,1950-10-27
881,Chelsie,Braim,1983-06-25
882,Enid,Tebbett,2002-06-12
883,Elise,Sirette,1971-11-18
884,Ulysses,Frantsev,1907-10-21
885,Kerry,Wakeford,1908-03-07
886,Ashley,Pogue,1985-02-22
887,Elmer,Hinge,1949-04-29
888,Kathye,Hanratty,1973-12-24
889,Kizzie,Nan Carrow,1998-12-10
890,Rowe,Sirmon,1922-12-10
891,Rhea,Gubbins,1922-02-21
892,Donnajean,Giacomuzzi,1990-01-14
893,Kathryne,Borsi,2009-01-10
894,Orsola,Lyard,1902-06-12
895,Shanan,Ambler,2012-06-30
896,Julianna,Whittington,1950-01-03
897,Vivyanne,Kinker,1933-08-30
898,Natasha,Klaaassen,1907-08-20
899,Curry,Getcliff,1987-04-23
900,Hendrik,Gawthrop,1959-04-09
901,Sianna,Jakoubek,1922-11-13
902,Madelle,Hardcastle,1950-09-27
903,Jamison,Coast,2002-07-21
904,Mireille,Philbrook,1985-02-19
905,Ode,Girtin,1907-11-06
906,Editha,Tregust,1910-09-13
907,Maryanna,Gummer,1962-03-19
908,Barth,Fairman,1995-03-11
909,Bil,Deddum,1982-12-14
910,Norah,Dickie,1996-08-25
911,Ken,Loxston,2017-12-10
912,Jemie,Brevitt,1940-11-10
913,Fiorenze,Parsons,1967-12-11
914,Claribel,Manuaud,1922-09-10
915,Wernher,Lynds,1952-12-26
916,Wyatt,Ranger,1920-08-12
917,Dyann,Wilfling,2013-01-04
918,Kerwinn,Hudspeth,1917-05-29
919,Barnabe,Welling,1922-08-28
920,Web,Alberti,1925-02-06
921,Feliks,McDiarmid,1966-02-13
922,Viviene,Curwen,1972-05-12
923,Reta,Bazeley,1964-12-03
924,Abbot,Greenier,1933-03-02
925,Whittaker,Gotter,1990-12-10
926,Josias,Giuroni,1938-03-13
927,Glory,Shipperbottom,1936-07-23
928,Martina,Yendle,1950-06-05
929,Simonne,Dorling,2012-01-09
930,Mose,Dansken,1975-06-19
931,Melisent,Piscot,1925-01-07
932,Gianni,Doerrling,1946-08-06
933,Cherida,Caghy,1977-01-18
934,Bruno,Bedwell,1914-02-07
935,Nata,Hasnney,1917-08-26
936,Pansy,Cordle,1958-03-30
937,Land,Mirando,1970-09-04
938,Marcelia,Blastock,1960-11-19
939,Dacy,Axelbee,1988-10-21
940,Sasha,Le land,1939-01-07
941,Gwyneth,Falkner,1942-05-09
942,Meyer,Cahn,2019-02-14
943,Clem,O' Meara,1932-07-21
944,Jaquenette,Stockton,1926-02-12
945,Bertine,Gooke,1933-12-08
946,Morena,Meaders,1973-05-06
947,Winnah,Newiss,1983-07-02
948,Stevana,Dillestone,1946-12-31
949,Merlina,Mulhall,1994-09-09
950,Loise,Tippler,2016-10-09
951,Marcile,Yeandel,1931-11-24
952,Malorie,Alcott,1926-11-21
953,Dalton,Picton,1959-05-23
954,Willey,Mathie,1932-12-16
955,Michaela,Kubek,1926-01-16
956,Celestina,Riquet,2017-01-28
957,Marley,Sambrook,1982-02-13
958,Danell,Becarra,1996-12-03
959,Morty,Betteriss,1997-02-17
960,Min,Hulance,1951-11-29
961,Prudi,Pech,1961-12-20
962,Rubina,Cheyne,1952-04-09
963,Olly,Cozzi,1907-08-01
964,Raimund,Blainey,2004-05-31
965,Tabbie,Tansley,1966-05-13
966,Faustina,Astell,1964-05-24
967,Roi,Manger,1983-04-08
968,Alanson,Colten,1977-12-04
969,Karylin,Shore,1901-03-15
970,Sib,Hounson,2003-08-22
971,Auria,Theodoris,2000-04-06
972,Roberta,Irvine,1909-08-14
973,Pippo,Deverson,1903-11-14
974,Gard,Lugg,2007-01-07
975,Emylee,Mitcham,1946-02-11
976,Jervis,Chippindall,1961-05-04
977,Amargo,O'Hallihane,1969-02-14
978,Monah,Fredi,2007-12-29
979,Emmey,Syres,1955-07-31
980,Rolfe,Goudie,1923-11-26
981,Bern,Sheardown,2016-10-07
982,Dasya,Blacklawe,1925-09-02
983,Blanca,Tuminelli,2019-05-20
984,Raquel,Landsborough,2017-11-18
985,Torie,Jensen,1998-02-22
986,Constantine,Fittis,1976-05-09
987,Earlie,Parmer,1995-04-10
988,Klarika,Soutar,2009-06-12
989,Hardy,Battersby,1942-08-30
990,Gal,Thorowgood,1999-12-28
991,Ellerey,England,2005-08-13
992,Jackelyn,Dreamer,1921-01-25
993,Andrey,Durbin,1962-03-03
994,Forster,Guillotin,1932-12-26
995,Phillip,Gilders,1935-11-15
996,Pearle,Breen,2017-12-29
997,Shell,Redfearn,1964-04-08
998,Averyl,Calafate,1913-04-23
999,Laure,De Meyer,1946-08-13
1000,Coleen,Warner,1916-02-29
